ImageFile,Gender,Emotion,CorrectAns,thisN,thisTrialN,thisRepN,key_resp.keys,key_resp.corr,key_resp.rt,key_resp.duration,trials.thisRepN,trials.thisTrialN,trials.thisN,trials.thisIndex,thisRow.t,notes,Instructions.started,text_2.started,key_resp_2.started,Instructions.stopped,key_resp_2.keys,key_resp_2.rt,key_resp_2.duration,trial.started,text.started,image.started,key_resp.started,text.stopped,trial.stopped,trials.key_resp.keys,trials.key_resp.corr,trials.key_resp.rt,trials.key_resp.duration,participant,session,age,gender,education_years,handedness,date,expName,expVersion,psychopyVersion,frameRate,expStart,
,,,,,,,,,,,,,,,,,0.001416799845173955,0.0038310999516397715,0.0038310999516397715,14.89964840002358,space,14.793272400042042,None,,,,,,,,,,,P08,001,22,Female,16,Right,2025-12-25_16h15.28.233,gender_task,,2025.1.1,59.941185707339564,2025-12-25 16h15.46.747411 +0300,
stimuli/F15NE.jpg,Female,Neutral,f,0,0,0,f,1,5.060575700132176,None,0,0,0,2,14.974965199828148,,,,,,,,,14.97255239984952,14.974965199828148,15.403654499910772,15.403654499910772,15.48673260002397,20.469732099911198,f,1,5.060575700132176,None,P08,001,22,Female,16,Right,2025-12-25_16h15.28.233,gender_task,,2025.1.1,59.941185707339564,2025-12-25 16h15.46.747411 +0300,
stimuli/F31HA.jpg,Female,Happy,f,1,1,0,f,1,1.3831654998939484,None,0,1,1,46,20.50672940001823,,,,,,,,,20.50461409986019,20.50672940001823,20.985440499847755,20.985440499847755,21.018337299814448,22.369858199963346,f,1,1.3831654998939484,None,P08,001,22,Female,16,Right,2025-12-25_16h15.28.233,gender_task,,2025.1.1,59.941185707339564,2025-12-25 16h15.46.747411 +0300,
stimuli/F27HA.jpg,Female,Happy,f,2,2,0,f,1,1.964448400074616,None,0,2,2,37,22.403915300033987,,,,,,,,,22.401975199813023,22.403915300033987,22.885066399816424,22.885066399816424,22.91855649999343,24.851762699894607,f,1,1.964448400074616,None,P08,001,22,Female,16,Right,2025-12-25_16h15.28.233,gender_task,,2025.1.1,59.941185707339564,2025-12-25 16h15.46.747411 +0300,
stimuli/M07AN.jpg,Male,Angry,m,3,3,0,m,1,1.055023099994287,None,0,3,3,78,24.887439699843526,,,,,,,,,24.884908200008795,24.887439699843526,25.351172699825838,25.351172699825838,25.40144329983741,26.41861439985223,m,1,1.055023099994287,None,P08,001,22,Female,16,Right,2025-12-25_16h15.28.233,gender_task,,2025.1.1,59.941185707339564,2025-12-25 16h15.46.747411 +0300,
stimuli/F23HA.jpg,Female,Happy,f,4,4,0,f,1,0.8176318001933396,None,0,4,4,25,26.45398209989071,,,,,,,,,26.45195519994013,26.45398209989071,26.93436719989404,26.93436719989404,26.96760690002702,27.767617599805817,f,1,0.8176318001933396,None,P08,001,22,Female,16,Right,2025-12-25_16h15.28.233,gender_task,,2025.1.1,59.941185707339564,2025-12-25 16h15.46.747411 +0300,
stimuli/M09AN.jpg,Male,Angry,m,5,5,0,m,1,0.6187473000027239,None,0,5,5,84,27.794554099906236,,,,,,,,,27.792323499917984,27.794554099906236,28.26731100003235,28.26731100003235,28.301067699911073,28.90184840001166,m,1,0.6187473000027239,None,P08,001,22,Female,16,Right,2025-12-25_16h15.28.233,gender_task,,2025.1.1,59.941185707339564,2025-12-25 16h15.46.747411 +0300,
stimuli/M04NE.jpg,Male,Neutral,m,6,6,0,m,1,1.815441600047052,None,0,6,6,71,28.92135169985704,,,,,,,,,28.91975019988604,28.92135169985704,29.41732049989514,29.41732049989514,29.43416960001923,31.234548299806193,m,1,1.815441600047052,None,P08,001,22,Female,16,Right,2025-12-25_16h15.28.233,gender_task,,2025.1.1,59.941185707339564,2025-12-25 16h15.46.747411 +0300,
stimuli/F16AN.jpg,Female,Angry,f,7,7,0,m,0,1.4438330000266433,None,0,7,7,3,31.270769199822098,,,,,,,,,31.268781199818477,31.270769199822098,31.75007569999434,31.75007569999434,31.78349159983918,33.20074659981765,m,0,1.4438330000266433,None,P08,001,22,Female,16,Right,2025-12-25_16h15.28.233,gender_task,,2025.1.1,59.941185707339564,2025-12-25 16h15.46.747411 +0300,
stimuli/F15AN.jpg,Female,Angry,f,8,8,0,f,1,3.4642817999701947,None,0,8,8,0,33.244300599908456,,,,,,,,,33.241288299905136,33.244300599908456,33.70015019993298,33.70015019993298,33.75024880003184,37.166415699990466,f,1,3.4642817999701947,None,P08,001,22,Female,16,Right,2025-12-25_16h15.28.233,gender_task,,2025.1.1,59.941185707339564,2025-12-25 16h15.46.747411 +0300,
stimuli/F31AN.jpg,Female,Angry,f,9,9,0,f,1,1.5210690998937935,None,0,9,9,45,37.207365199923515,,,,,,,,,37.204302500002086,37.207365199923515,37.66616979986429,37.66616979986429,37.7156441998668,39.200538999866694,f,1,1.5210690998937935,None,P08,001,22,Female,16,Right,2025-12-25_16h15.28.233,gender_task,,2025.1.1,59.941185707339564,2025-12-25 16h15.46.747411 +0300,
stimuli/M04AN.jpg,Male,Angry,m,10,10,0,m,1,1.009060800075531,None,0,10,10,69,39.2363223999273,,,,,,,,,39.23432629997842,39.2363223999273,39.71599909989163,39.71599909989163,39.74938389984891,40.73370369989425,m,1,1.009060800075531,None,P08,001,22,Female,16,Right,2025-12-25_16h15.28.233,gender_task,,2025.1.1,59.941185707339564,2025-12-25 16h15.46.747411 +0300,
stimuli/M08HA.jpg,Male,Happy,m,11,11,0,m,1,1.1306222998537123,None,0,11,11,82,40.77340209996328,,,,,,,,,40.7713425999973,40.77340209996328,41.24926019995473,41.24926019995473,41.282668999861926,42.38214310002513,m,1,1.1306222998537123,None,P08,001,22,Female,16,Right,2025-12-25_16h15.28.233,gender_task,,2025.1.1,59.941185707339564,2025-12-25 16h15.46.747411 +0300,
stimuli/M10HA.jpg,Male,Happy,m,12,12,0,m,1,1.066398800117895,None,0,12,12,88,42.39947529998608,,,,,,,,,42.39714220003225,42.39947529998608,42.882345399819314,42.882345399819314,42.89913559984416,43.96667389990762,m,1,1.066398800117895,None,P08,001,22,Female,16,Right,2025-12-25_16h15.28.233,gender_task,,2025.1.1,59.941185707339564,2025-12-25 16h15.46.747411 +0300,
stimuli/F21NE.jpg,Female,Neutral,f,13,13,0,f,1,1.383483499987051,None,0,13,13,20,43.98757529980503,,,,,,,,,43.985946899978444,43.98757529980503,44.48206459986977,44.48206459986977,44.498971599852666,45.88203819980845,f,1,1.383483499987051,None,P08,001,22,Female,16,Right,2025-12-25_16h15.28.233,gender_task,,2025.1.1,59.941185707339564,2025-12-25 16h15.46.747411 +0300,
stimuli/F34NE.jpg,Female,Neutral,f,14,14,0,f,1,0.7870521999429911,None,0,14,14,56,45.9127783998847,,,,,,,,,45.911003899993375,45.9127783998847,46.39825679990463,46.39825679990463,46.41480529983528,47.198541400022805,f,1,0.7870521999429911,None,P08,001,22,Female,16,Right,2025-12-25_16h15.28.233,gender_task,,2025.1.1,59.941185707339564,2025-12-25 16h15.46.747411 +0300,
stimuli/M11NE.jpg,Male,Neutral,m,15,15,0,m,1,0.6825470000039786,None,0,15,15,92,47.22928819991648,,,,,,,,,47.226292999926955,47.22928819991648,47.69805000000633,47.69805000000633,47.73162269988097,48.38229139987379,m,1,0.6825470000039786,None,P08,001,22,Female,16,Right,2025-12-25_16h15.28.233,gender_task,,2025.1.1,59.941185707339564,2025-12-25 16h15.46.747411 +0300,
stimuli/M12AN.jpg,Male,Angry,m,16,16,0,m,1,0.8892453000880778,None,0,16,16,93,48.418519699946046,,,,,,,,,48.416580399964005,48.418519699946046,48.897977999877185,48.897977999877185,48.93125829985365,49.797914899885654,m,1,0.8892453000880778,None,P08,001,22,Female,16,Right,2025-12-25_16h15.28.233,gender_task,,2025.1.1,59.941185707339564,2025-12-25 16h15.46.747411 +0300,
stimuli/F23AN.jpg,Female,Angry,f,17,17,0,f,1,0.958691000007093,None,0,17,17,24,49.82460669986904,,,,,,,,,49.82254539988935,49.82460669986904,50.29814810003154,50.29814810003154,50.33127849991433,51.265183799900115,f,1,0.958691000007093,None,P08,001,22,Female,16,Right,2025-12-25_16h15.28.233,gender_task,,2025.1.1,59.941185707339564,2025-12-25 16h15.46.747411 +0300,
stimuli/M10NE.jpg,Male,Neutral,m,18,18,0,m,1,1.8387893000617623,None,0,18,18,89,51.302143699955195,,,,,,,,,51.299435399938375,51.302143699955195,51.76449640002102,51.76449640002102,51.8141367000062,53.61505929986015,m,1,1.8387893000617623,None,P08,001,22,Female,16,Right,2025-12-25_16h15.28.233,gender_task,,2025.1.1,59.941185707339564,2025-12-25 16h15.46.747411 +0300,
stimuli/M18NE.jpg,Male,Neutral,m,19,19,0,f,0,1.7496682999189943,None,0,19,19,113,53.65029529994354,,,,,,,,,53.648153099929914,53.65029529994354,54.13059920002706,54.13059920002706,54.16388130001724,55.881082399981096,f,0,1.7496682999189943,None,P08,001,22,Female,16,Right,2025-12-25_16h15.28.233,gender_task,,2025.1.1,59.941185707339564,2025-12-25 16h15.46.747411 +0300,
stimuli/M19AN.jpg,Male,Angry,m,20,20,0,m,1,0.989718799944967,None,0,20,20,114,55.92466889997013,,,,,,,,,55.92151979985647,55.92466889997013,56.39612609986216,56.39612609986216,56.430073800031096,57.39757369994186,m,1,0.989718799944967,None,P08,001,22,Female,16,Right,2025-12-25_16h15.28.233,gender_task,,2025.1.1,59.941185707339564,2025-12-25 16h15.46.747411 +0300,
stimuli/F34HA.jpg,Female,Happy,f,21,21,0,f,1,0.7345232998486608,None,0,21,21,55,57.42160869995132,,,,,,,,,57.41885869996622,57.42160869995132,57.91352379997261,57.91352379997261,57.930045699933544,58.66345499991439,f,1,0.7345232998486608,None,P08,001,22,Female,16,Right,2025-12-25_16h15.28.233,gender_task,,2025.1.1,59.941185707339564,2025-12-25 16h15.46.747411 +0300,
stimuli/F21AN.jpg,Female,Angry,f,22,22,0,f,1,1.7804983998648822,None,0,22,22,18,58.67985580000095,,,,,,,,,58.67580439988524,58.67985580000095,59.163526399992406,59.163526399992406,59.18017559987493,60.94646289991215,f,1,1.7804983998648822,None,P08,001,22,Female,16,Right,2025-12-25_16h15.28.233,gender_task,,2025.1.1,59.941185707339564,2025-12-25 16h15.46.747411 +0300,
stimuli/M16AN.jpg,Male,Angry,m,23,23,0,m,1,0.745009400183335,None,0,23,23,105,60.984360500006005,,,,,,,,,60.98183889989741,60.984360500006005,61.44640629994683,61.44640629994683,61.49652019981295,62.197272199904546,m,1,0.745009400183335,None,P08,001,22,Female,16,Right,2025-12-25_16h15.28.233,gender_task,,2025.1.1,59.941185707339564,2025-12-25 16h15.46.747411 +0300,
stimuli/F24HA.jpg,Female,Happy,f,24,24,0,f,1,0.6378518999554217,None,0,24,24,28,62.21730130002834,,,,,,,,,62.21529049985111,62.21730130002834,62.69652009988204,62.69652009988204,62.729700200026855,63.347085600020364,f,1,0.6378518999554217,None,P08,001,22,Female,16,Right,2025-12-25_16h15.28.233,gender_task,,2025.1.1,59.941185707339564,2025-12-25 16h15.46.747411 +0300,
stimuli/F26AN.jpg,Female,Angry,f,25,25,0,f,1,2.9335997998714447,None,0,25,25,33,63.386491199955344,,,,,,,,,63.383595099905506,63.386491199955344,63.86251059989445,63.86251059989445,63.89594449987635,66.81316489982419,f,1,2.9335997998714447,None,P08,001,22,Female,16,Right,2025-12-25_16h15.28.233,gender_task,,2025.1.1,59.941185707339564,2025-12-25 16h15.46.747411 +0300,
stimuli/M14AN.jpg,Male,Angry,m,26,26,0,m,1,6.0723301998805255,None,0,26,26,99,66.8364913999103,,,,,,,,,66.8344087000005,66.8364913999103,67.32883669994771,67.32883669994771,67.34557529981248,73.41215289989486,m,1,6.0723301998805255,None,P08,001,22,Female,16,Right,2025-12-25_16h15.28.233,gender_task,,2025.1.1,59.941185707339564,2025-12-25 16h15.46.747411 +0300,
stimuli/M20NE.jpg,Male,Neutral,m,27,27,0,m,1,7.041561899939552,None,0,27,27,119,73.44561009993777,,,,,,,,,73.4430863999296,73.44561009993777,73.92783789988607,73.92783789988607,73.96115319989622,80.97816059994511,m,1,7.041561899939552,None,P08,001,22,Female,16,Right,2025-12-25_16h15.28.233,gender_task,,2025.1.1,59.941185707339564,2025-12-25 16h15.46.747411 +0300,
stimuli/M04HA.jpg,Male,Happy,m,28,28,0,m,1,0.8770270000677556,None,0,28,28,70,81.01291619986296,,,,,,,,,81.0110722000245,81.01291619986296,81.49363719997928,81.49363719997928,81.52735889982432,82.37775600003079,m,1,0.8770270000677556,None,P08,001,22,Female,16,Right,2025-12-25_16h15.28.233,gender_task,,2025.1.1,59.941185707339564,2025-12-25 16h15.46.747411 +0300,
stimuli/M07NE.jpg,Male,Neutral,m,29,29,0,m,1,0.856890199938789,None,0,29,29,80,82.40174279990606,,,,,,,,,82.39932630001567,82.40174279990606,82.8931710999459,82.8931710999459,82.90994679997675,83.76088820002042,m,1,0.856890199938789,None,P08,001,22,Female,16,Right,2025-12-25_16h15.28.233,gender_task,,2025.1.1,59.941185707339564,2025-12-25 16h15.46.747411 +0300,
stimuli/F24AN.jpg,Female,Angry,f,30,30,0,f,1,2.3632022000383586,None,0,30,30,27,83.7999170999974,,,,,,,,,83.79728009994142,83.7999170999974,84.26020599994808,84.26020599994808,84.31006889999844,86.62738829990849,f,1,2.3632022000383586,None,P08,001,22,Female,16,Right,2025-12-25_16h15.28.233,gender_task,,2025.1.1,59.941185707339564,2025-12-25 16h15.46.747411 +0300,
stimuli/F16HA.jpg,Female,Happy,f,31,31,0,f,1,0.7835375000722706,None,0,31,31,4,86.648492799839,,,,,,,,,86.64642879995517,86.648492799839,87.14307979983278,87.14307979983278,87.15972350002266,87.92795369983651,f,1,0.7835375000722706,None,P08,001,22,Female,16,Right,2025-12-25_16h15.28.233,gender_task,,2025.1.1,59.941185707339564,2025-12-25 16h15.46.747411 +0300,
stimuli/M08NE.jpg,Male,Neutral,m,32,32,0,m,1,0.8141580999363214,None,0,32,32,83,87.96411099983379,,,,,,,,,87.96218219981529,87.96411099983379,88.44298489997163,88.44298489997163,88.47608429985121,89.26060969987884,m,1,0.8141580999363214,None,P08,001,22,Female,16,Right,2025-12-25_16h15.28.233,gender_task,,2025.1.1,59.941185707339564,2025-12-25 16h15.46.747411 +0300,
stimuli/F35NE.jpg,Female,Neutral,f,33,33,0,f,1,0.753424399998039,None,0,33,33,59,89.2940964999143,,,,,,,,,89.2915229999926,89.2940964999143,89.77606549998745,89.77606549998745,89.80937549984083,90.54352179984562,f,1,0.753424399998039,None,P08,001,22,Female,16,Right,2025-12-25_16h15.28.233,gender_task,,2025.1.1,59.941185707339564,2025-12-25 16h15.46.747411 +0300,
stimuli/F22AN.jpg,Female,Angry,f,34,34,0,f,1,0.6264438000507653,None,0,34,34,21,90.56616940000094,,,,,,,,,90.56413679989055,90.56616940000094,91.05924479989335,91.05924479989335,91.07606699992903,91.69241779996082,f,1,0.6264438000507653,None,P08,001,22,Female,16,Right,2025-12-25_16h15.28.233,gender_task,,2025.1.1,59.941185707339564,2025-12-25 16h15.46.747411 +0300,
stimuli/F27NE.jpg,Female,Neutral,f,35,35,0,f,1,0.6126192999072373,None,0,35,35,38,91.71925879991613,,,,,,,,,91.71703920001164,91.71925879991613,92.19256079988554,92.19256079988554,92.22570970002562,92.80965820001438,f,1,0.6126192999072373,None,P08,001,22,Female,16,Right,2025-12-25_16h15.28.233,gender_task,,2025.1.1,59.941185707339564,2025-12-25 16h15.46.747411 +0300,
stimuli/M13NE.jpg,Male,Neutral,m,36,36,0,f,0,0.6041753999888897,None,0,36,36,98,92.84860669984482,,,,,,,,,92.8463542999234,92.84860669984482,93.30910820001736,93.30910820001736,93.35901469993405,93.92545689991675,f,0,0.6041753999888897,None,P08,001,22,Female,16,Right,2025-12-25_16h15.28.233,gender_task,,2025.1.1,59.941185707339564,2025-12-25 16h15.46.747411 +0300,
stimuli/F32NE.jpg,Female,Neutral,f,37,37,0,f,1,0.957692600088194,None,0,37,37,50,93.95333179994486,,,,,,,,,93.9514967999421,93.95333179994486,94.4253612998873,94.4253612998873,94.45858670002781,95.39292000001296,f,1,0.957692600088194,None,P08,001,22,Female,16,Right,2025-12-25_16h15.28.233,gender_task,,2025.1.1,59.941185707339564,2025-12-25 16h15.46.747411 +0300,
stimuli/F33HA.jpg,Female,Happy,f,38,38,0,f,1,0.5029099001549184,None,0,38,38,52,95.41231309995055,,,,,,,,,95.40997389983386,95.41231309995055,95.90856439992785,95.90856439992785,95.92523889988661,96.42587339994498,f,1,0.5029099001549184,None,P08,001,22,Female,16,Right,2025-12-25_16h15.28.233,gender_task,,2025.1.1,59.941185707339564,2025-12-25 16h15.46.747411 +0300,
stimuli/F33AN.jpg,Female,Angry,f,39,39,0,f,1,0.489072100026533,None,0,39,39,51,96.44448959990405,,,,,,,,,96.44255149993114,96.44448959990405,96.94144469988532,96.94144469988532,96.95815189997666,97.4416416999884,f,1,0.489072100026533,None,P08,001,22,Female,16,Right,2025-12-25_16h15.28.233,gender_task,,2025.1.1,59.941185707339564,2025-12-25 16h15.46.747411 +0300,
stimuli/M12NE.jpg,Male,Neutral,m,40,40,0,m,1,0.6735415000002831,None,0,40,40,95,97.45911519997753,,,,,,,,,97.45700589986518,97.45911519997753,97.94124719989486,97.94124719989486,97.97445939993486,98.62563070002943,m,1,0.6735415000002831,None,P08,001,22,Female,16,Right,2025-12-25_16h15.28.233,gender_task,,2025.1.1,59.941185707339564,2025-12-25 16h15.46.747411 +0300,
stimuli/F17HA.jpg,Female,Happy,f,41,41,0,f,1,0.8264107999857515,None,0,41,41,7,98.66386480000801,,,,,,,,,98.66147889988497,98.66386480000801,99.14148409990594,99.14148409990594,99.17487039999105,99.97560439980589,f,1,0.8264107999857515,None,P08,001,22,Female,16,Right,2025-12-25_16h15.28.233,gender_task,,2025.1.1,59.941185707339564,2025-12-25 16h15.46.747411 +0300,
stimuli/M06HA.jpg,Male,Happy,m,42,42,0,m,1,1.401314000133425,None,0,42,42,76,100.01030720002018,,,,,,,,,100.00823699985631,100.01030720002018,100.49106839997694,100.49106839997694,100.52423809980974,101.90867309994064,m,1,1.401314000133425,None,P08,001,22,Female,16,Right,2025-12-25_16h15.28.233,gender_task,,2025.1.1,59.941185707339564,2025-12-25 16h15.46.747411 +0300,
stimuli/M02AN.jpg,Male,Angry,m,43,43,0,m,1,0.5776147998403758,None,0,43,43,63,101.94782290002331,,,,,,,,,101.94559879996814,101.94782290002331,102.4243369998876,102.4243369998876,102.45762969995849,103.00824399990961,m,1,0.5776147998403758,None,P08,001,22,Female,16,Right,2025-12-25_16h15.28.233,gender_task,,2025.1.1,59.941185707339564,2025-12-25 16h15.46.747411 +0300,
stimuli/F23NE.jpg,Female,Neutral,f,44,44,0,f,1,0.6528757000342011,None,0,44,44,26,103.02804060000926,,,,,,,,,103.02596149989404,103.02804060000926,103.50774969998747,103.50774969998747,103.54102299991064,104.17505869991146,f,1,0.6528757000342011,None,P08,001,22,Female,16,Right,2025-12-25_16h15.28.233,gender_task,,2025.1.1,59.941185707339564,2025-12-25 16h15.46.747411 +0300,
stimuli/M05HA.jpg,Male,Happy,m,45,45,0,m,1,1.4816745999269187,None,0,45,45,73,104.2109467999544,,,,,,,,,104.2084989999421,104.2109467999544,104.69100210000761,104.69100210000761,104.72410969994962,106.17369770002551,m,1,1.4816745999269187,None,P08,001,22,Female,16,Right,2025-12-25_16h15.28.233,gender_task,,2025.1.1,59.941185707339564,2025-12-25 16h15.46.747411 +0300,
stimuli/M15NE.jpg,Male,Neutral,m,46,46,0,f,0,1.2359867999330163,None,0,46,46,104,106.18999410001561,,,,,,,,,106.18760399986058,106.18999410001561,106.67351450002752,106.67351450002752,106.69041659985669,107.92352559999563,f,0,1.2359867999330163,None,P08,001,22,Female,16,Right,2025-12-25_16h15.28.233,gender_task,,2025.1.1,59.941185707339564,2025-12-25 16h15.46.747411 +0300,
stimuli/M08AN.jpg,Male,Angry,m,47,47,0,m,1,3.3822662997990847,None,0,47,47,81,107.95236729993485,,,,,,,,,107.95022919983603,107.95236729993485,108.42355729988776,108.42355729988776,108.4569763999898,111.80701609980315,m,1,3.3822662997990847,None,P08,001,22,Female,16,Right,2025-12-25_16h15.28.233,gender_task,,2025.1.1,59.941185707339564,2025-12-25 16h15.46.747411 +0300,
stimuli/F18HA.jpg,Female,Happy,f,48,48,0,f,1,0.8627098000142723,None,0,48,48,10,111.82814009999856,,,,,,,,,111.82580669992603,111.82814009999856,112.3065458999481,112.3065458999481,112.3398712000344,113.17368169990368,f,1,0.8627098000142723,None,P08,001,22,Female,16,Right,2025-12-25_16h15.28.233,gender_task,,2025.1.1,59.941185707339564,2025-12-25 16h15.46.747411 +0300,
stimuli/F24NE.jpg,Female,Neutral,f,49,49,0,f,1,0.628725599963218,None,0,49,49,29,113.19335339986719,,,,,,,,,113.1913435999304,113.19335339986719,113.68924420000985,113.68924420000985,113.70586450002156,114.32388599985279,f,1,0.628725599963218,None,P08,001,22,Female,16,Right,2025-12-25_16h15.28.233,gender_task,,2025.1.1,59.941185707339564,2025-12-25 16h15.46.747411 +0300,
stimuli/M18AN.jpg,Male,Angry,m,50,50,0,f,0,4.357328899903223,None,0,50,50,111,114.35849359980784,,,,,,,,,114.3564096998889,114.35849359980784,114.83949629985727,114.83949629985727,114.87257859995589,119.20629899995402,f,0,4.357328899903223,None,P08,001,22,Female,16,Right,2025-12-25_16h15.28.233,gender_task,,2025.1.1,59.941185707339564,2025-12-25 16h15.46.747411 +0300,
stimuli/M20AN.jpg,Male,Angry,m,51,51,0,m,1,1.4152538001071662,None,0,51,51,117,119.24393979995511,,,,,,,,,119.24195389985107,119.24393979995511,119.70558569999412,119.70558569999412,119.75532619981095,121.12256789999083,m,1,1.4152538001071662,None,P08,001,22,Female,16,Right,2025-12-25_16h15.28.233,gender_task,,2025.1.1,59.941185707339564,2025-12-25 16h15.46.747411 +0300,
stimuli/M12HA.jpg,Male,Happy,m,52,52,0,f,0,1.095887300092727,None,0,52,52,94,121.15948699996807,,,,,,,,,121.1573324999772,121.15948699996807,121.62171410000883,121.62171410000883,121.6717882999219,122.72150189988315,f,0,1.095887300092727,None,P08,001,22,Female,16,Right,2025-12-25_16h15.28.233,gender_task,,2025.1.1,59.941185707339564,2025-12-25 16h15.46.747411 +0300,
stimuli/F20NE.jpg,Female,Neutral,f,53,53,0,f,1,2.1899794000200927,None,0,53,53,17,122.73778519988991,,,,,,,,,122.73286989983171,122.73778519988991,123.22116709989496,123.22116709989496,123.2379057998769,125.4257145000156,f,1,2.1899794000200927,None,P08,001,22,Female,16,Right,2025-12-25_16h15.28.233,gender_task,,2025.1.1,59.941185707339564,2025-12-25 16h15.46.747411 +0300,
stimuli/F29AN.jpg,Female,Angry,f,54,54,0,f,1,4.443366599967703,None,0,54,54,39,125.44685069983825,,,,,,,,,125.44480129983276,125.44685069983825,125.93783279997297,125.93783279997297,125.95457619987428,130.3884614999406,f,1,4.443366599967703,None,P08,001,22,Female,16,Right,2025-12-25_16h15.28.233,gender_task,,2025.1.1,59.941185707339564,2025-12-25 16h15.46.747411 +0300,
stimuli/M15AN.jpg,Male,Angry,m,55,55,0,m,1,3.777652099961415,None,0,55,55,102,130.42424839991145,,,,,,,,,130.42234049993567,130.42424839991145,130.9040124998428,130.9040124998428,130.93733370001428,134.6870962998364,m,1,3.777652099961415,None,P08,001,22,Female,16,Right,2025-12-25_16h15.28.233,gender_task,,2025.1.1,59.941185707339564,2025-12-25 16h15.46.747411 +0300,
stimuli/M17NE.jpg,Male,Neutral,m,56,56,0,m,1,0.7135185999795794,None,0,56,56,110,134.71482599992305,,,,,,,,,134.7125728998799,134.71482599992305,135.1867136999499,135.1867136999499,135.22014969983138,135.9032308999449,m,1,0.7135185999795794,None,P08,001,22,Female,16,Right,2025-12-25_16h15.28.233,gender_task,,2025.1.1,59.941185707339564,2025-12-25 16h15.46.747411 +0300,
stimuli/M17HA.jpg,Male,Happy,m,57,57,0,m,1,0.7437167998868972,None,0,57,57,109,135.92981869983487,,,,,,,,,135.9278946998529,135.92981869983487,136.40305949980393,136.40305949980393,136.43669130001217,137.153927099891,m,1,0.7437167998868972,None,P08,001,22,Female,16,Right,2025-12-25_16h15.28.233,gender_task,,2025.1.1,59.941185707339564,2025-12-25 16h15.46.747411 +0300,
stimuli/M06AN.jpg,Male,Angry,m,58,58,0,m,1,1.2182291001081467,None,0,58,58,75,137.19293899997137,,,,,,,,,137.19072379986756,137.19293899997137,137.66928189992905,137.66928189992905,137.70293359993957,138.90305490000173,m,1,1.2182291001081467,None,P08,001,22,Female,16,Right,2025-12-25_16h15.28.233,gender_task,,2025.1.1,59.941185707339564,2025-12-25 16h15.46.747411 +0300,
stimuli/F29HA.jpg,Female,Happy,f,59,59,0,f,1,0.7847454000730067,None,0,59,59,40,138.91890779999085,,,,,,,,,138.91674399981275,138.91890779999085,139.40258909994736,139.40258909994736,139.4191132998094,140.2027476998046,f,1,0.7847454000730067,None,P08,001,22,Female,16,Right,2025-12-25_16h15.28.233,gender_task,,2025.1.1,59.941185707339564,2025-12-25 16h15.46.747411 +0300,
stimuli/M19NE.jpg,Male,Neutral,m,60,60,0,m,1,5.318427300080657,None,0,60,60,116,140.23252989980392,,,,,,,,,140.22971719992347,140.23252989980392,140.70228299987502,140.70228299987502,140.7358416998759,146.03581749997102,m,1,5.318427300080657,None,P08,001,22,Female,16,Right,2025-12-25_16h15.28.233,gender_task,,2025.1.1,59.941185707339564,2025-12-25 16h15.46.747411 +0300,
stimuli/F30AN.jpg,Female,Angry,f,61,61,0,f,1,0.6782537000253797,None,0,61,61,42,146.05979179986753,,,,,,,,,146.05771109997295,146.05979179986753,146.53531729988754,146.53531729988754,146.56833439995535,147.21835189987905,f,1,0.6782537000253797,None,P08,001,22,Female,16,Right,2025-12-25_16h15.28.233,gender_task,,2025.1.1,59.941185707339564,2025-12-25 16h15.46.747411 +0300,
stimuli/M07HA.jpg,Male,Happy,m,62,62,0,m,1,1.6225309001747519,None,0,62,62,79,147.23449909989722,,,,,,,,,147.2301302999258,147.23449909989722,147.71787479985505,147.71787479985505,147.73480039997958,149.3524081998039,m,1,1.6225309001747519,None,P08,001,22,Female,16,Right,2025-12-25_16h15.28.233,gender_task,,2025.1.1,59.941185707339564,2025-12-25 16h15.46.747411 +0300,
stimuli/F16NE.jpg,Female,Neutral,f,63,63,0,f,1,4.064615500159562,None,0,63,63,5,149.3904479998164,,,,,,,,,149.38791899988428,149.3904479998164,149.86802739999257,149.86802739999257,149.90134650003165,153.9349216998089,f,1,4.064615500159562,None,P08,001,22,Female,16,Right,2025-12-25_16h15.28.233,gender_task,,2025.1.1,59.941185707339564,2025-12-25 16h15.46.747411 +0300,
stimuli/M09HA.jpg,Male,Happy,m,64,64,0,m,1,0.6773715000599623,None,0,64,64,85,153.9716828998644,,,,,,,,,153.9692130999174,153.9716828998644,154.434520999901,154.434520999901,154.48397889989428,155.1181302999612,m,1,0.6773715000599623,None,P08,001,22,Female,16,Right,2025-12-25_16h15.28.233,gender_task,,2025.1.1,59.941185707339564,2025-12-25 16h15.46.747411 +0300,
stimuli/F15HA.jpg,Female,Happy,f,65,65,0,f,1,2.4827501999679953,None,0,65,65,1,155.143697099993,,,,,,,,,155.1406052999664,155.143697099993,155.63399969995953,155.63399969995953,155.65065509988926,158.11744809988886,f,1,2.4827501999679953,None,P08,001,22,Female,16,Right,2025-12-25_16h15.28.233,gender_task,,2025.1.1,59.941185707339564,2025-12-25 16h15.46.747411 +0300,
stimuli/M03NE.jpg,Male,Neutral,m,66,66,0,m,1,0.8212040001526475,None,0,66,66,68,158.1512916998472,,,,,,,,,158.1483926998917,158.1512916998472,158.63377029984258,158.63377029984258,158.65003839996643,159.4679010999389,m,1,0.8212040001526475,None,P08,001,22,Female,16,Right,2025-12-25_16h15.28.233,gender_task,,2025.1.1,59.941185707339564,2025-12-25 16h15.46.747411 +0300,
stimuli/M05AN.jpg,Male,Angry,m,67,67,0,m,1,2.3530986001715064,None,0,67,67,72,159.50611379998736,,,,,,,,,159.50309629994445,159.50611379998736,159.98364639980718,159.98364639980718,160.01664249994792,162.349824299803,m,1,2.3530986001715064,None,P08,001,22,Female,16,Right,2025-12-25_16h15.28.233,gender_task,,2025.1.1,59.941185707339564,2025-12-25 16h15.46.747411 +0300,
stimuli/M09NE.jpg,Male,Neutral,m,68,68,0,m,1,0.7857594001106918,None,0,68,68,86,162.3813674999401,,,,,,,,,162.37929830001667,162.3813674999401,162.8498496999964,162.8498496999964,162.88311999989673,163.6507985999342,m,1,0.7857594001106918,None,P08,001,22,Female,16,Right,2025-12-25_16h15.28.233,gender_task,,2025.1.1,59.941185707339564,2025-12-25 16h15.46.747411 +0300,
stimuli/M14NE.jpg,Male,Neutral,m,69,69,0,m,1,0.9068540001753718,None,0,69,69,101,163.6735739998985,,,,,,,,,163.67134259990416,163.6735739998985,164.166203700006,164.166203700006,164.18273989995942,165.08262409991585,m,1,0.9068540001753718,None,P08,001,22,Female,16,Right,2025-12-25_16h15.28.233,gender_task,,2025.1.1,59.941185707339564,2025-12-25 16h15.46.747411 +0300,
stimuli/M18HA.jpg,Male,Happy,m,70,70,0,f,0,1.1354143000207841,None,0,70,70,112,165.11001209984533,,,,,,,,,165.107991799945,165.11001209984533,165.58276329981163,165.58276329981163,165.61554579995573,166.73288309993222,f,0,1.1354143000207841,None,P08,001,22,Female,16,Right,2025-12-25_16h15.28.233,gender_task,,2025.1.1,59.941185707339564,2025-12-25 16h15.46.747411 +0300,
stimuli/F30HA.jpg,Female,Happy,f,71,71,0,f,1,3.96332379989326,None,0,71,71,43,166.76143600000069,,,,,,,,,166.75917329988442,166.76143600000069,167.2324580999557,167.2324580999557,167.26554479985498,171.1985969999805,f,1,3.96332379989326,None,P08,001,22,Female,16,Right,2025-12-25_16h15.28.233,gender_task,,2025.1.1,59.941185707339564,2025-12-25 16h15.46.747411 +0300,
stimuli/M11HA.jpg,Male,Happy,m,72,72,0,m,1,0.9010846000164747,None,0,72,72,91,171.22714919992723,,,,,,,,,171.22525219991803,171.22714919992723,171.69818939990364,171.69818939990364,171.7319100999739,172.61604629992507,m,1,0.9010846000164747,None,P08,001,22,Female,16,Right,2025-12-25_16h15.28.233,gender_task,,2025.1.1,59.941185707339564,2025-12-25 16h15.46.747411 +0300,
stimuli/F25NE.jpg,Female,Neutral,f,73,73,0,f,1,0.726762400008738,None,0,73,73,32,172.6513731998857,,,,,,,,,172.64963519992307,172.6513731998857,173.1315883998759,173.1315883998759,173.16497899987735,173.86599550000392,f,1,0.726762400008738,None,P08,001,22,Female,16,Right,2025-12-25_16h15.28.233,gender_task,,2025.1.1,59.941185707339564,2025-12-25 16h15.46.747411 +0300,
stimuli/M01HA.jpg,Male,Happy,m,74,74,0,m,1,1.869619500124827,None,0,74,74,61,173.9036538999062,,,,,,,,,173.90121499984525,173.9036538999062,174.38168330001645,174.38168330001645,174.41478109988384,176.26522889989428,m,1,1.869619500124827,None,P08,001,22,Female,16,Right,2025-12-25_16h15.28.233,gender_task,,2025.1.1,59.941185707339564,2025-12-25 16h15.46.747411 +0300,
stimuli/F35AN.jpg,Female,Angry,f,75,75,0,m,0,0.7923304999712855,None,0,75,75,57,176.30430189985782,,,,,,,,,176.30181779991835,176.30430189985782,176.78105410002172,176.78105410002172,176.81430899980478,177.58159019984305,m,0,0.7923304999712855,None,P08,001,22,Female,16,Right,2025-12-25_16h15.28.233,gender_task,,2025.1.1,59.941185707339564,2025-12-25 16h15.46.747411 +0300,
stimuli/M13AN.jpg,Male,Angry,m,76,76,0,m,1,1.282439700094983,None,0,76,76,96,177.61597099993378,,,,,,,,,177.6138974998612,177.61597099993378,178.09743830002844,178.09743830002844,178.13103899988346,179.38177299988456,m,1,1.282439700094983,None,P08,001,22,Female,16,Right,2025-12-25_16h15.28.233,gender_task,,2025.1.1,59.941185707339564,2025-12-25 16h15.46.747411 +0300,
stimuli/F22NE.jpg,Female,Neutral,f,77,77,0,f,1,0.6358198998495936,None,0,77,77,23,179.4181770000141,,,,,,,,,179.41600620001554,179.4181770000141,179.8977361000143,179.8977361000143,179.93037089984864,180.54841849999502,f,1,0.6358198998495936,None,P08,001,22,Female,16,Right,2025-12-25_16h15.28.233,gender_task,,2025.1.1,59.941185707339564,2025-12-25 16h15.46.747411 +0300,
stimuli/M19HA.jpg,Male,Happy,m,78,78,0,m,1,0.7955261999741197,None,0,78,78,115,180.5854366000276,,,,,,,,,180.58309179986827,180.5854366000276,181.06394639983773,181.06394639983773,181.09741649986245,181.86389169981703,m,1,0.7955261999741197,None,P08,001,22,Female,16,Right,2025-12-25_16h15.28.233,gender_task,,2025.1.1,59.941185707339564,2025-12-25 16h15.46.747411 +0300,
stimuli/M10AN.jpg,Male,Angry,m,79,79,0,m,1,1.5524599000345916,None,0,79,79,87,181.8955841998104,,,,,,,,,181.89299399987794,181.8955841998104,182.36379670002498,182.36379670002498,182.39714959985577,183.93138089985587,m,1,1.5524599000345916,None,P08,001,22,Female,16,Right,2025-12-25_16h15.28.233,gender_task,,2025.1.1,59.941185707339564,2025-12-25 16h15.46.747411 +0300,
stimuli/F20AN.jpg,Female,Angry,f,80,80,0,f,1,0.7635432998649776,None,0,80,80,15,183.9695666998159,,,,,,,,,183.9675623998046,183.9695666998159,184.44654010003433,184.44654010003433,184.47969519998878,185.2141676999163,f,1,0.7635432998649776,None,P08,001,22,Female,16,Right,2025-12-25_16h15.28.233,gender_task,,2025.1.1,59.941185707339564,2025-12-25 16h15.46.747411 +0300,
stimuli/F32AN.jpg,Female,Angry,f,81,81,0,f,1,0.9170367000624537,None,0,81,81,48,185.24707599985413,,,,,,,,,185.2444256998133,185.24707599985413,185.72990579996258,185.72990579996258,185.74696909985505,186.6632057998795,f,1,0.9170367000624537,None,P08,001,22,Female,16,Right,2025-12-25_16h15.28.233,gender_task,,2025.1.1,59.941185707339564,2025-12-25 16h15.46.747411 +0300,
stimuli/M01AN.jpg,Male,Angry,m,82,82,0,m,1,1.0524253000039607,None,0,82,82,60,186.67923759995028,,,,,,,,,186.67555939988233,186.67923759995028,187.16307469992898,187.16307469992898,187.1797813999001,188.23049469990656,m,1,1.0524253000039607,None,P08,001,22,Female,16,Right,2025-12-25_16h15.28.233,gender_task,,2025.1.1,59.941185707339564,2025-12-25 16h15.46.747411 +0300,
stimuli/F18AN.jpg,Female,Angry,f,83,83,0,f,1,0.8133225000929087,None,0,83,83,9,188.28323920001276,,,,,,,,,188.28112149983644,188.28323920001276,188.74594229995273,188.74594229995273,188.79598479997367,189.56364139984362,f,1,0.8133225000929087,None,P08,001,22,Female,16,Right,2025-12-25_16h15.28.233,gender_task,,2025.1.1,59.941185707339564,2025-12-25 16h15.46.747411 +0300,
stimuli/M01NE.jpg,Male,Neutral,m,84,84,0,m,1,0.703805899946019,None,0,84,84,62,189.59506489988416,,,,,,,,,189.59263209998608,189.59506489988416,190.07931179995649,190.07931179995649,190.0962171999272,190.79681149986573,m,1,0.703805899946019,None,P08,001,22,Female,16,Right,2025-12-25_16h15.28.233,gender_task,,2025.1.1,59.941185707339564,2025-12-25 16h15.46.747411 +0300,
stimuli/F25HA.jpg,Female,Happy,f,85,85,0,f,1,0.7261861998122185,None,0,85,85,31,190.81993100000545,,,,,,,,,190.81789739988744,190.81993100000545,191.31266339984722,191.31266339984722,191.32927210000344,192.0468668998219,f,1,0.7261861998122185,None,P08,001,22,Female,16,Right,2025-12-25_16h15.28.233,gender_task,,2025.1.1,59.941185707339564,2025-12-25 16h15.46.747411 +0300,
stimuli/M11AN.jpg,Male,Angry,m,86,86,0,m,1,2.8094947999343276,None,0,86,86,90,192.0685163999442,,,,,,,,,192.06644769990817,192.0685163999442,192.56239049998112,192.56239049998112,192.5788374999538,195.37916969996877,m,1,2.8094947999343276,None,P08,001,22,Female,16,Right,2025-12-25_16h15.28.233,gender_task,,2025.1.1,59.941185707339564,2025-12-25 16h15.46.747411 +0300,
stimuli/F20HA.jpg,Female,Happy,f,87,87,0,f,1,0.5987819998990744,None,0,87,87,16,195.41050040000118,,,,,,,,,195.4085047999397,195.41050040000118,195.87873749993742,195.87873749993742,195.9119752999395,196.4793962999247,f,1,0.5987819998990744,None,P08,001,22,Female,16,Right,2025-12-25_16h15.28.233,gender_task,,2025.1.1,59.941185707339564,2025-12-25 16h15.46.747411 +0300,
stimuli/F30NE.jpg,Female,Neutral,f,88,88,0,f,1,0.7144619999453425,None,0,88,88,44,196.52042569988407,,,,,,,,,196.51784659991972,196.52042569988407,196.99503259989433,196.99503259989433,197.02825589990243,197.71226159995422,f,1,0.7144619999453425,None,P08,001,22,Female,16,Right,2025-12-25_16h15.28.233,gender_task,,2025.1.1,59.941185707339564,2025-12-25 16h15.46.747411 +0300,
stimuli/M14HA.jpg,Male,Happy,m,89,89,0,m,1,0.821306899888441,None,0,89,89,100,197.73288839985617,,,,,,,,,197.7306536999531,197.73288839985617,198.2279900999274,198.2279900999274,198.24464759998955,199.06167460000142,m,1,0.821306899888441,None,P08,001,22,Female,16,Right,2025-12-25_16h15.28.233,gender_task,,2025.1.1,59.941185707339564,2025-12-25 16h15.46.747411 +0300,
stimuli/M03HA.jpg,Male,Happy,m,90,90,0,m,1,0.8115093999076635,None,0,90,90,67,199.08137459983118,,,,,,,,,199.0790941999294,199.08137459983118,199.56161089986563,199.56161089986563,199.594797299942,200.37898799986579,m,1,0.8115093999076635,None,P08,001,22,Female,16,Right,2025-12-25_16h15.28.233,gender_task,,2025.1.1,59.941185707339564,2025-12-25 16h15.46.747411 +0300,
stimuli/F26HA.jpg,Female,Happy,f,91,91,0,f,1,0.7324695000424981,None,0,91,91,34,200.4044949999079,,,,,,,,,200.4002024999354,200.4044949999079,200.8945078998804,200.8945078998804,200.91146399988793,201.62847899994813,f,1,0.7324695000424981,None,P08,001,22,Female,16,Right,2025-12-25_16h15.28.233,gender_task,,2025.1.1,59.941185707339564,2025-12-25 16h15.46.747411 +0300,
stimuli/F25AN.jpg,Female,Angry,f,92,92,0,f,1,0.9255434998776764,None,0,92,92,30,201.66558779985644,,,,,,,,,201.66355709987693,201.66558779985644,202.1443578999024,202.1443578999024,202.17791019985452,203.07875310000964,f,1,0.9255434998776764,None,P08,001,22,Female,16,Right,2025-12-25_16h15.28.233,gender_task,,2025.1.1,59.941185707339564,2025-12-25 16h15.46.747411 +0300,
stimuli/F35HA.jpg,Female,Happy,f,93,93,0,f,1,0.7443762999027967,None,0,93,93,58,203.1152404998429,,,,,,,,,203.1126682998147,203.1152404998429,203.5943988999352,203.5943988999352,203.62759279995225,204.34436260000803,f,1,0.7443762999027967,None,P08,001,22,Female,16,Right,2025-12-25_16h15.28.233,gender_task,,2025.1.1,59.941185707339564,2025-12-25 16h15.46.747411 +0300,
stimuli/M05NE.jpg,Male,Neutral,m,94,94,0,m,1,1.7213622000999749,None,0,94,94,74,204.37756309984252,,,,,,,,,204.3752591998782,204.37756309984252,204.84368309983984,204.84368309983984,204.87713349983096,206.57773419981822,m,1,1.7213622000999749,None,P08,001,22,Female,16,Right,2025-12-25_16h15.28.233,gender_task,,2025.1.1,59.941185707339564,2025-12-25 16h15.46.747411 +0300,
stimuli/M16HA.jpg,Male,Happy,m,95,95,0,m,1,0.838923699920997,None,0,95,95,106,206.60003169998527,,,,,,,,,206.5980755998753,206.60003169998527,207.0935786999762,207.0935786999762,207.11015979992226,207.94394749985076,m,1,0.838923699920997,None,P08,001,22,Female,16,Right,2025-12-25_16h15.28.233,gender_task,,2025.1.1,59.941185707339564,2025-12-25 16h15.46.747411 +0300,
stimuli/M20HA.jpg,Male,Happy,m,96,96,0,m,1,0.5591179002076387,None,0,96,96,118,207.97728759981692,,,,,,,,,207.9752542998176,207.97728759981692,208.44330589985475,208.44330589985475,208.47677870001644,209.01057939999737,m,1,0.5591179002076387,None,P08,001,22,Female,16,Right,2025-12-25_16h15.28.233,gender_task,,2025.1.1,59.941185707339564,2025-12-25 16h15.46.747411 +0300,
stimuli/F34AN.jpg,Female,Angry,f,97,97,0,f,1,5.2358533998485655,None,0,97,97,54,209.02733109984547,,,,,,,,,209.02524689980783,209.02733109984547,209.52647919999436,209.52647919999436,209.54339189990424,214.7772088998463,f,1,5.2358533998485655,None,P08,001,22,Female,16,Right,2025-12-25_16h15.28.233,gender_task,,2025.1.1,59.941185707339564,2025-12-25 16h15.46.747411 +0300,
stimuli/F32HA.jpg,Female,Happy,f,98,98,0,f,1,0.9142141998745501,None,0,98,98,49,214.8125177999027,,,,,,,,,214.81059949984774,214.8125177999027,215.29241389990784,215.29241389990784,215.32578599988483,216.2103162999265,f,1,0.9142141998745501,None,P08,001,22,Female,16,Right,2025-12-25_16h15.28.233,gender_task,,2025.1.1,59.941185707339564,2025-12-25 16h15.46.747411 +0300,
stimuli/F17AN.jpg,Female,Angry,f,99,99,0,f,1,0.8715093999635428,None,0,99,99,6,216.24557789997198,,,,,,,,,216.24350239988416,216.24557789997198,216.7259163998533,216.7259163998533,216.75920720002614,217.60916709993035,f,1,0.8715093999635428,None,P08,001,22,Female,16,Right,2025-12-25_16h15.28.233,gender_task,,2025.1.1,59.941185707339564,2025-12-25 16h15.46.747411 +0300,
stimuli/M17AN.jpg,Male,Angry,m,100,100,0,m,1,0.5727891998831183,None,0,100,100,108,217.62504469999112,,,,,,,,,217.6228757998906,217.62504469999112,218.10901519982144,218.10901519982144,218.12579209986143,218.69300640001893,m,1,0.5727891998831183,None,P08,001,22,Female,16,Right,2025-12-25_16h15.28.233,gender_task,,2025.1.1,59.941185707339564,2025-12-25 16h15.46.747411 +0300,
stimuli/F18NE.jpg,Female,Neutral,f,101,101,0,f,1,0.695749299833551,None,0,101,101,11,218.73012079996988,,,,,,,,,218.7273106998764,218.73012079996988,219.2090955998283,219.2090955998283,219.24214580003172,219.90897349989973,f,1,0.695749299833551,None,P08,001,22,Female,16,Right,2025-12-25_16h15.28.233,gender_task,,2025.1.1,59.941185707339564,2025-12-25 16h15.46.747411 +0300,
stimuli/M15HA.jpg,Male,Happy,m,102,102,0,m,1,0.8475976998452097,None,0,102,102,103,219.93537699989974,,,,,,,,,219.9335696999915,219.93537699989974,220.4250339998398,220.4250339998398,220.4419619999826,221.2762327999808,m,1,0.8475976998452097,None,P08,001,22,Female,16,Right,2025-12-25_16h15.28.233,gender_task,,2025.1.1,59.941185707339564,2025-12-25 16h15.46.747411 +0300,
stimuli/F29NE.jpg,Female,Neutral,f,103,103,0,f,1,0.7279010000638664,None,0,103,103,41,221.31680639996193,,,,,,,,,221.31455100001767,221.31680639996193,221.7917324998416,221.7917324998416,221.82507599983364,222.52563439984806,f,1,0.7279010000638664,None,P08,001,22,Female,16,Right,2025-12-25_16h15.28.233,gender_task,,2025.1.1,59.941185707339564,2025-12-25 16h15.46.747411 +0300,
stimuli/F22HA.jpg,Female,Happy,f,104,104,0,f,1,3.1929421999957412,None,0,104,104,22,222.5533174998127,,,,,,,,,222.55007599992678,222.5533174998127,223.0250932998024,223.0250932998024,223.05861289985478,226.22443849989213,f,1,3.1929421999957412,None,P08,001,22,Female,16,Right,2025-12-25_16h15.28.233,gender_task,,2025.1.1,59.941185707339564,2025-12-25 16h15.46.747411 +0300,
stimuli/F21HA.jpg,Female,Happy,f,105,105,0,f,1,0.48723159986548126,None,0,105,105,19,226.25370709993877,,,,,,,,,226.25119799980894,226.25370709993877,226.72474169987254,226.72474169987254,226.75787550001405,227.22552969981916,f,1,0.48723159986548126,None,P08,001,22,Female,16,Right,2025-12-25_16h15.28.233,gender_task,,2025.1.1,59.941185707339564,2025-12-25 16h15.46.747411 +0300,
stimuli/F26NE.jpg,Female,Neutral,f,106,106,0,f,1,0.444892100058496,None,0,106,106,35,227.24909529997967,,,,,,,,,227.24630749993958,227.24909529997967,227.74114859988913,227.74114859988913,227.7577438999433,228.19186039990745,f,1,0.444892100058496,None,P08,001,22,Female,16,Right,2025-12-25_16h15.28.233,gender_task,,2025.1.1,59.941185707339564,2025-12-25 16h15.46.747411 +0300,
stimuli/M02HA.jpg,Male,Happy,m,107,107,0,m,1,0.5166760999709368,None,0,107,107,64,228.21251139999367,,,,,,,,,228.21069109998643,228.21251139999367,228.70781029993668,228.70781029993668,228.7242707000114,229.24179639993235,m,1,0.5166760999709368,None,P08,001,22,Female,16,Right,2025-12-25_16h15.28.233,gender_task,,2025.1.1,59.941185707339564,2025-12-25 16h15.46.747411 +0300,
stimuli/F31NE.jpg,Female,Neutral,f,108,108,0,f,1,5.9520051998551935,None,0,108,108,47,229.2803153998684,,,,,,,,,229.27771959989332,229.2803153998684,229.75735719990917,229.75735719990917,229.79061049991287,235.72395899984986,f,1,5.9520051998551935,None,P08,001,22,Female,16,Right,2025-12-25_16h15.28.233,gender_task,,2025.1.1,59.941185707339564,2025-12-25 16h15.46.747411 +0300,
stimuli/F19AN.jpg,Female,Angry,f,109,109,0,f,1,0.5985873001627624,None,0,109,109,12,235.76060839998536,,,,,,,,,235.75836370000616,235.76060839998536,236.22326619992964,236.22326619992964,236.27327340003103,236.82321359985508,f,1,0.5985873001627624,None,P08,001,22,Female,16,Right,2025-12-25_16h15.28.233,gender_task,,2025.1.1,59.941185707339564,2025-12-25 16h15.46.747411 +0300,
stimuli/F33NE.jpg,Female,Neutral,f,110,110,0,f,1,0.6385458998847753,None,0,110,110,53,236.85540440003388,,,,,,,,,236.85331679997034,236.85540440003388,237.32296369993128,237.32296369993128,237.35612030001357,237.97399109997787,f,1,0.6385458998847753,None,P08,001,22,Female,16,Right,2025-12-25_16h15.28.233,gender_task,,2025.1.1,59.941185707339564,2025-12-25 16h15.46.747411 +0300,
stimuli/M16NE.jpg,Male,Neutral,m,111,111,0,m,1,0.6720251000951976,None,0,111,111,107,238.0044556998182,,,,,,,,,238.00256249983795,238.0044556998182,238.4895817998331,238.4895817998331,238.50638779997826,239.17353919986635,m,1,0.6720251000951976,None,P08,001,22,Female,16,Right,2025-12-25_16h15.28.233,gender_task,,2025.1.1,59.941185707339564,2025-12-25 16h15.46.747411 +0300,
stimuli/F19NE.jpg,Female,Neutral,f,112,112,0,f,1,2.3016035999171436,None,0,112,112,14,239.20725279999897,,,,,,,,,239.20525290002115,239.20725279999897,239.68935310002416,239.68935310002416,239.7227032999508,242.00649639987387,f,1,2.3016035999171436,None,P08,001,22,Female,16,Right,2025-12-25_16h15.28.233,gender_task,,2025.1.1,59.941185707339564,2025-12-25 16h15.46.747411 +0300,
stimuli/F19HA.jpg,Female,Happy,f,113,113,0,f,1,0.7503780999686569,None,0,113,113,13,242.047807399882,,,,,,,,,242.044521600008,242.047807399882,242.52261330001056,242.52261330001056,242.55599179980345,243.29000209993683,f,1,0.7503780999686569,None,P08,001,22,Female,16,Right,2025-12-25_16h15.28.233,gender_task,,2025.1.1,59.941185707339564,2025-12-25 16h15.46.747411 +0300,
stimuli/M03AN.jpg,Male,Angry,m,114,114,0,m,1,4.499605600023642,None,0,114,114,66,243.31005839980207,,,,,,,,,243.3084948998876,243.31005839980207,243.8054434999358,243.8054434999358,243.8220108000096,248.32214149995707,m,1,4.499605600023642,None,P08,001,22,Female,16,Right,2025-12-25_16h15.28.233,gender_task,,2025.1.1,59.941185707339564,2025-12-25 16h15.46.747411 +0300,
stimuli/F27AN.jpg,Female,Angry,f,115,115,0,f,1,0.9572241001296788,None,0,115,115,36,248.34998599998653,,,,,,,,,248.3481032999698,248.34998599998653,248.82172179990448,248.82172179990448,248.8549328998197,249.78905919985846,f,1,0.9572241001296788,None,P08,001,22,Female,16,Right,2025-12-25_16h15.28.233,gender_task,,2025.1.1,59.941185707339564,2025-12-25 16h15.46.747411 +0300,
stimuli/M13HA.jpg,Male,Happy,m,116,116,0,f,0,0.6402008000295609,None,0,116,116,97,249.82366109988652,,,,,,,,,249.82175929984078,249.82366109988652,250.30460109980777,250.30460109980777,250.33816749998368,250.95548340003006,f,0,0.6402008000295609,None,P08,001,22,Female,16,Right,2025-12-25_16h15.28.233,gender_task,,2025.1.1,59.941185707339564,2025-12-25 16h15.46.747411 +0300,
stimuli/M02NE.jpg,Male,Neutral,m,117,117,0,m,1,0.9039280998986214,None,0,117,117,65,250.9903186999727,,,,,,,,,250.98848359985277,250.9903186999727,251.45466169994324,251.45466169994324,251.5046370998025,252.37184399995022,m,1,0.9039280998986214,None,P08,001,22,Female,16,Right,2025-12-25_16h15.28.233,gender_task,,2025.1.1,59.941185707339564,2025-12-25 16h15.46.747411 +0300,
stimuli/M06NE.jpg,Male,Neutral,m,118,118,0,m,1,1.1230699000880122,None,0,118,118,77,252.41056979983114,,,,,,,,,252.4084112998098,252.41056979983114,252.88751679984853,252.88751679984853,252.92069219984114,254.0218452999834,m,1,1.1230699000880122,None,P08,001,22,Female,16,Right,2025-12-25_16h15.28.233,gender_task,,2025.1.1,59.941185707339564,2025-12-25 16h15.46.747411 +0300,
stimuli/F17NE.jpg,Female,Neutral,f,119,119,0,f,1,0.6160969000775367,None,0,119,119,8,254.0619607998524,,,,,,,,,254.05968940001912,254.0619607998524,254.53734379983507,254.53734379983507,254.57138759992085,255.15470359986648,f,1,0.6160969000775367,None,P08,001,22,Female,16,Right,2025-12-25_16h15.28.233,gender_task,,2025.1.1,59.941185707339564,2025-12-25 16h15.46.747411 +0300,
